{
  "overrides": {
    "AnalyzersPlugin.fs": {
      "line": 81.4207650273224,
      "branch": 83.33333333333334,
      "reason": ""
    },
    "BuildPlugin.fs": {
      "line": 90.25641025641026,
      "branch": 86.36363636363636,
      "reason": ""
    },
    "CheckPipeline.fs": {
      "line": 91.07142857142857,
      "branch": 77.27272727272727,
      "reason": ""
    },
    "CoveragePlugin.fs": {
      "line": 97.05882352941177,
      "branch": 100,
      "reason": ""
    },
    "Daemon.fs": {
      "line": 71.69491525423729,
      "branch": 55.88235294117647,
      "reason": ""
    },
    "DaemonConfig.fs": {
      "line": 63.661202185792355,
      "branch": 55.769230769230774,
      "reason": "loosened automatically"
    },
    "ErrorLedger.fs": {
      "line": 96.09375,
      "branch": 94.44444444444444,
      "reason": "loosened automatically"
    },
    "FileCheckCache.fs": {
      "line": 83.33333333333334,
      "branch": 50,
      "reason": "loosened automatically"
    },
    "FileCommandPlugin.fs": {
      "line": 98.71794871794873,
      "branch": 100,
      "reason": ""
    },
    "FileErrorReporter.fs": {
      "line": 93.10344827586206,
      "branch": 75,
      "reason": "loosened automatically"
    },
    "FileTaskCache.fs": {
      "line": 87.43169398907104,
      "branch": 83.33333333333334,
      "reason": "loosened automatically"
    },
    "FormatCheckPlugin.fs": {
      "line": 98.57142857142858,
      "branch": 100,
      "reason": ""
    },
    "InMemoryCheckCache.fs": {
      "line": 95.65217391304348,
      "branch": 100,
      "reason": "loosened automatically"
    },
    "InitConfig.fs": {
      "line": 76.72413793103449,
      "branch": 52.77777777777778,
      "reason": "loosened automatically"
    },
    "Ipc.fs": {
      "line": 82.82208588957054,
      "branch": 50,
      "reason": ""
    },
    "IpcOutput.fs": {
      "line": 87.5,
      "branch": 63.23529411764706,
      "reason": "loosened automatically"
    },
    "JjHelper.fs": {
      "line": 54.09836065573771,
      "branch": 40.909090909090914,
      "reason": "loosened automatically"
    },
    "LintPlugin.fs": {
      "line": 80.24691358024691,
      "branch": 83.33333333333334,
      "reason": ""
    },
    "MacFsEvents.fs": {
      "line": 0,
      "branch": 0,
      "reason": "macOS-only FSEvents code, 0% coverage on Linux CI runners"
    },
    "PluginFramework.fs": {
      "line": 87.11340206185567,
      "branch": 65.71428571428571,
      "reason": "loosened automatically"
    },
    "PluginHost.fs": {
      "line": 85.36585365853658,
      "branch": 50,
      "reason": ""
    },
    "ProcessHelper.fs": {
      "line": 93.75,
      "branch": 50,
      "reason": ""
    },
    "Program.fs": {
      "line": 59,
      "branch": 42,
      "reason": "CLI entry point, coverage varies slightly between local and CI"
    },
    "ProjectGraph.fs": {
      "line": 100,
      "branch": 92.85714285714286,
      "reason": ""
    },
    "RunOnceOutput.fs": {
      "line": 65.38461538461539,
      "branch": 50,
      "reason": "loosened automatically"
    },
    "StringHelpers.fs": {
      "line": 85.71428571428571,
      "branch": 50,
      "reason": "loosened automatically"
    },
    "TaskCache.fs": {
      "line": 89.1891891891892,
      "branch": 90,
      "reason": "loosened automatically"
    },
    "Watcher.fs": {
      "line": 60,
      "branch": 43.333333333333336,
      "reason": ""
    }
  }
}